simulation,reached,failed,unreachable,world_name,simulation_time,calculations_time
0,20,0,0,by_small,769.1052494049072,148.59423065185547
1,20,0,0,by_small,664.0856637954712,122.03315687179565
2,20,0,0,by_small,720.7980465888977,154.74326992034912
3,20,0,0,by_small,700.7671251296997,153.29406642913818
4,20,0,0,by_small,645.8483271598816,102.25592374801636
5,14,0,0,by_small,1621.6758739948273,85.21908855438232
